idna_subject,checker_type,destination,source,tested_at,session_id
2track.info,AVAILABILITY,domains.list,domains.list,2024-12-09 05:33:55.802972+00:00,97a00baa491d431352fd6600
4dsply.com,AVAILABILITY,domains.list,domains.list,2024-12-09 05:33:56.018995+00:00,97a00baa491d431352fd6600
abrahackbugs.xyz,AVAILABILITY,domains.list,domains.list,2024-12-09 05:33:56.178488+00:00,97a00baa491d431352fd6600
adaranth.com,AVAILABILITY,domains.list,domains.list,2024-12-09 05:33:56.499502+00:00,97a00baa491d431352fd6600
adfuture.cn,AVAILABILITY,domains.list,domains.list,2024-12-09 05:33:57.877054+00:00,97a00baa491d431352fd6600
adsunflower.com,AVAILABILITY,domains.list,domains.list,2024-12-09 05:33:58.477970+00:00,97a00baa491d431352fd6600
advmob.cn,AVAILABILITY,domains.list,domains.list,2024-12-09 05:33:59.225513+00:00,97a00baa491d431352fd6600
amptylogick.com,AVAILABILITY,domains.list,domains.list,2024-12-09 05:33:59.656542+00:00,97a00baa491d431352fd6600
api.lookupmanager.com,AVAILABILITY,domains.list,domains.list,2024-12-09 05:34:10.350368+00:00,97a00baa491d431352fd6600
apprefaculty.pro,AVAILABILITY,domains.list,domains.list,2024-12-09 05:34:20.563607+00:00,97a00baa491d431352fd6600
appslinker.net,AVAILABILITY,domains.list,domains.list,2024-12-09 05:34:35.792191+00:00,97a00baa491d431352fd6600
apptospace.com,AVAILABILITY,domains.list,domains.list,2024-12-09 05:34:36.145963+00:00,97a00baa491d431352fd6600
auslogics.com,AVAILABILITY,domains.list,domains.list,2024-12-09 05:34:41.759255+00:00,97a00baa491d431352fd6600
bbc.co,AVAILABILITY,domains.list,domains.list,2024-12-09 05:34:47.220112+00:00,97a00baa491d431352fd6600
bemobtracks.com,AVAILABILITY,domains.list,domains.list,2024-12-09 05:34:47.389540+00:00,97a00baa491d431352fd6600
bestadbid.com,AVAILABILITY,domains.list,domains.list,2024-12-09 05:34:47.695506+00:00,97a00baa491d431352fd6600
betgorebysson.club,AVAILABILITY,domains.list,domains.list,2024-12-09 05:34:53.025837+00:00,97a00baa491d431352fd6600
bfmio.com,AVAILABILITY,domains.list,domains.list,2024-12-09 05:35:03.157550+00:00,97a00baa491d431352fd6600
bingsearchlib.com,AVAILABILITY,domains.list,domains.list,2024-12-09 05:35:08.275930+00:00,97a00baa491d431352fd6600
boudja.com,AVAILABILITY,domains.list,domains.list,2024-12-09 05:35:13.403135+00:00,97a00baa491d431352fd6600
brounelink.com,AVAILABILITY,domains.list,domains.list,2024-12-09 05:35:23.860326+00:00,97a00baa491d431352fd6600
bugdepromo.com,AVAILABILITY,domains.list,domains.list,2024-12-09 05:35:25.067419+00:00,97a00baa491d431352fd6600
byebyeads.org,AVAILABILITY,domains.list,domains.list,2024-12-09 05:35:25.456277+00:00,97a00baa491d431352fd6600
c8xwor.com,AVAILABILITY,domains.list,domains.list,2024-12-09 05:35:26.049384+00:00,97a00baa491d431352fd6600
cdncontentstorage.com,AVAILABILITY,domains.list,domains.list,2024-12-09 05:35:41.344944+00:00,97a00baa491d431352fd6600
clicksapp.net,AVAILABILITY,domains.list,domains.list,2024-12-09 05:35:46.795145+00:00,97a00baa491d431352fd6600
clicksgear.com,AVAILABILITY,domains.list,domains.list,2024-12-09 05:35:47.179100+00:00,97a00baa491d431352fd6600
clipsold.com,AVAILABILITY,domains.list,domains.list,2024-12-09 05:35:48.092360+00:00,97a00baa491d431352fd6600
cobalten.com,AVAILABILITY,domains.list,domains.list,2024-12-09 05:35:48.408450+00:00,97a00baa491d431352fd6600
codedexchange.com,AVAILABILITY,domains.list,domains.list,2024-12-09 05:35:53.569835+00:00,97a00baa491d431352fd6600
coderformylife.info,AVAILABILITY,domains.list,domains.list,2024-12-09 05:36:03.796276+00:00,97a00baa491d431352fd6600
comtakelink.xyz,AVAILABILITY,domains.list,domains.list,2024-12-09 05:36:04.010955+00:00,97a00baa491d431352fd6600
conduit-services.com,AVAILABILITY,domains.list,domains.list,2024-12-09 05:36:14.130634+00:00,97a00baa491d431352fd6600
coolrat.xyz,AVAILABILITY,domains.list,domains.list,2024-12-09 05:36:14.252435+00:00,97a00baa491d431352fd6600
cosmeticsrc.com,AVAILABILITY,domains.list,domains.list,2024-12-09 05:36:19.687909+00:00,97a00baa491d431352fd6600
covid19-info.online,AVAILABILITY,domains.list,domains.list,2024-12-09 05:36:19.826631+00:00,97a00baa491d431352fd6600
cpm20.com,AVAILABILITY,domains.list,domains.list,2024-12-09 05:36:20.077066+00:00,97a00baa491d431352fd6600
criticalltech.com,AVAILABILITY,domains.list,domains.list,2024-12-09 05:36:20.600020+00:00,97a00baa491d431352fd6600
cuevana.fm,AVAILABILITY,domains.list,domains.list,2024-12-09 05:36:20.838590+00:00,97a00baa491d431352fd6600
cuminside.club,AVAILABILITY,domains.list,domains.list,2024-12-09 05:36:20.994147+00:00,97a00baa491d431352fd6600
cybersecuritiesinc.net,AVAILABILITY,domains.list,domains.list,2024-12-09 05:36:21.144905+00:00,97a00baa491d431352fd6600
d.otaserve.net,AVAILABILITY,domains.list,domains.list,2024-12-09 05:36:26.291489+00:00,97a00baa491d431352fd6600
dailyfeature.net,AVAILABILITY,domains.list,domains.list,2024-12-09 05:36:26.549256+00:00,97a00baa491d431352fd6600
dartsearch.net,AVAILABILITY,domains.list,domains.list,2024-12-09 05:36:31.685065+00:00,97a00baa491d431352fd6600
dealctr.com,AVAILABILITY,domains.list,domains.list,2024-12-09 05:36:33.158098+00:00,97a00baa491d431352fd6600
deloplen.com,AVAILABILITY,domains.list,domains.list,2024-12-09 05:36:33.459832+00:00,97a00baa491d431352fd6600
dimagesrc.com,AVAILABILITY,domains.list,domains.list,2024-12-09 05:36:33.973996+00:00,97a00baa491d431352fd6600
domclickext.xyz,AVAILABILITY,domains.list,domains.list,2024-12-09 05:36:34.281237+00:00,97a00baa491d431352fd6600
donation-tools.org,AVAILABILITY,domains.list,domains.list,2024-12-09 05:36:44.927171+00:00,97a00baa491d431352fd6600
drivethelife.com,AVAILABILITY,domains.list,domains.list,2024-12-09 05:36:55.832192+00:00,97a00baa491d431352fd6600
easy-download.co,AVAILABILITY,domains.list,domains.list,2024-12-09 05:37:05.979138+00:00,97a00baa491d431352fd6600
epicunitscan.info,AVAILABILITY,domains.list,domains.list,2024-12-09 05:37:06.099714+00:00,97a00baa491d431352fd6600
erne.co,AVAILABILITY,domains.list,domains.list,2024-12-09 05:37:06.481513+00:00,97a00baa491d431352fd6600
exelator.com,AVAILABILITY,domains.list,domains.list,2024-12-09 05:37:16.655583+00:00,97a00baa491d431352fd6600
expmediadirect1.com,AVAILABILITY,domains.list,domains.list,2024-12-09 05:37:22.100327+00:00,97a00baa491d431352fd6600
extcoolff.com,AVAILABILITY,domains.list,domains.list,2024-12-09 05:37:22.448796+00:00,97a00baa491d431352fd6600
fastclick.net,AVAILABILITY,domains.list,domains.list,2024-12-09 05:37:27.562017+00:00,97a00baa491d431352fd6600
filehorse.com,AVAILABILITY,domains.list,domains.list,2024-12-09 05:37:37.894604+00:00,97a00baa491d431352fd6600
fioressence.com,AVAILABILITY,domains.list,domains.list,2024-12-09 05:37:38.005712+00:00,97a00baa491d431352fd6600
flash.cn,AVAILABILITY,domains.list,domains.list,2024-12-09 05:37:45.990655+00:00,97a00baa491d431352fd6600
flexiblelocator.com,AVAILABILITY,domains.list,domains.list,2024-12-09 05:37:46.104303+00:00,97a00baa491d431352fd6600
flipshope.com,AVAILABILITY,domains.list,domains.list,2024-12-09 05:37:46.238244+00:00,97a00baa491d431352fd6600
fmnetwork.nl,AVAILABILITY,domains.list,domains.list,2024-12-09 05:37:56.620992+00:00,97a00baa491d431352fd6600
freecontent.date,AVAILABILITY,domains.list,domains.list,2024-12-09 05:37:57.366652+00:00,97a00baa491d431352fd6600
freecontent.stream,AVAILABILITY,domains.list,domains.list,2024-12-09 05:37:58.099640+00:00,97a00baa491d431352fd6600
freeresultsguide.com,AVAILABILITY,domains.list,domains.list,2024-12-09 05:37:58.458788+00:00,97a00baa491d431352fd6600
gg146.bet,AVAILABILITY,domains.list,domains.list,2024-12-09 05:37:58.678732+00:00,97a00baa491d431352fd6600
ggbet.name,AVAILABILITY,domains.list,domains.list,2024-12-09 05:37:59.068434+00:00,97a00baa491d431352fd6600
ggbetss.com,AVAILABILITY,domains.list,domains.list,2024-12-09 05:38:04.212761+00:00,97a00baa491d431352fd6600
gmai.com,AVAILABILITY,domains.list,domains.list,2024-12-09 05:38:25.539885+00:00,97a00baa491d431352fd6600
gmial.com,AVAILABILITY,domains.list,domains.list,2024-12-09 05:38:25.704455+00:00,97a00baa491d431352fd6600
gmil.com,AVAILABILITY,domains.list,domains.list,2024-12-09 05:38:26.565474+00:00,97a00baa491d431352fd6600
gmzdaily.com,AVAILABILITY,domains.list,domains.list,2024-12-09 05:38:26.844858+00:00,97a00baa491d431352fd6600
golinkapp.com,AVAILABILITY,domains.list,domains.list,2024-12-09 05:38:26.952698+00:00,97a00baa491d431352fd6600
googe.com,AVAILABILITY,domains.list,domains.list,2024-12-09 05:38:37.202734+00:00,97a00baa491d431352fd6600
googele.com,AVAILABILITY,domains.list,domains.list,2024-12-09 05:38:39.161854+00:00,97a00baa491d431352fd6600
googie-anaiytics.com,AVAILABILITY,domains.list,domains.list,2024-12-09 05:38:44.357043+00:00,97a00baa491d431352fd6600
googlec.om,AVAILABILITY,domains.list,domains.list,2024-12-09 05:38:49.586927+00:00,97a00baa491d431352fd6600
groproext.com,AVAILABILITY,domains.list,domains.list,2024-12-09 05:38:50.309836+00:00,97a00baa491d431352fd6600
hardyload.com,AVAILABILITY,domains.list,domains.list,2024-12-09 05:38:59.663775+00:00,97a00baa491d431352fd6600
hemailaccessonline.com,AVAILABILITY,domains.list,domains.list,2024-12-09 05:39:15.000420+00:00,97a00baa491d431352fd6600
hostingcloud.racing,AVAILABILITY,domains.list,domains.list,2024-12-09 05:39:15.340173+00:00,97a00baa491d431352fd6600
hostingcloud.science,AVAILABILITY,domains.list,domains.list,2024-12-09 05:39:15.464196+00:00,97a00baa491d431352fd6600
hueadsxml.com,AVAILABILITY,domains.list,domains.list,2024-12-09 05:39:15.739450+00:00,97a00baa491d431352fd6600
imgfarm.com,AVAILABILITY,domains.list,domains.list,2024-12-09 05:39:20.857037+00:00,97a00baa491d431352fd6600
incluster.com,AVAILABILITY,domains.list,domains.list,2024-12-09 05:39:21.142457+00:00,97a00baa491d431352fd6600
intelserviceupdate.com,AVAILABILITY,domains.list,domains.list,2024-12-09 05:39:21.319537+00:00,97a00baa491d431352fd6600
iyfnzgb.com,AVAILABILITY,domains.list,domains.list,2024-12-09 05:39:21.662815+00:00,97a00baa491d431352fd6600
killssource.com,AVAILABILITY,domains.list,domains.list,2024-12-09 05:39:22.093442+00:00,97a00baa491d431352fd6600
langhort.com,AVAILABILITY,domains.list,domains.list,2024-12-09 05:39:27.709340+00:00,97a00baa491d431352fd6600
lhzbdvm.com,AVAILABILITY,domains.list,domains.list,2024-12-09 05:39:27.822207+00:00,97a00baa491d431352fd6600
lifeimpressions.net,AVAILABILITY,domains.list,domains.list,2024-12-09 05:39:33.186690+00:00,97a00baa491d431352fd6600
linkangood.com,AVAILABILITY,domains.list,domains.list,2024-12-09 05:39:33.724559+00:00,97a00baa491d431352fd6600
liveupdt.com,AVAILABILITY,domains.list,domains.list,2024-12-09 05:39:34.060956+00:00,97a00baa491d431352fd6600
loadsource.org,AVAILABILITY,domains.list,domains.list,2024-12-09 05:39:36.330371+00:00,97a00baa491d431352fd6600
lonelyfix.com,AVAILABILITY,domains.list,domains.list,2024-12-09 05:39:36.765197+00:00,97a00baa491d431352fd6600
loungesrc.net,AVAILABILITY,domains.list,domains.list,2024-12-09 05:39:37.239021+00:00,97a00baa491d431352fd6600
lowffdompro.com,AVAILABILITY,domains.list,domains.list,2024-12-09 05:39:42.677730+00:00,97a00baa491d431352fd6600
luckypushh.com,AVAILABILITY,domains.list,domains.list,2024-12-09 05:39:47.995363+00:00,97a00baa491d431352fd6600
m3.wtf,AVAILABILITY,domains.list,domains.list,2024-12-09 05:39:48.201529+00:00,97a00baa491d431352fd6600
mailguardonline.net,AVAILABILITY,domains.list,domains.list,2024-12-09 05:39:48.309553+00:00,97a00baa491d431352fd6600
mapsgalaxy.com,AVAILABILITY,domains.list,domains.list,2024-12-09 05:39:48.501532+00:00,97a00baa491d431352fd6600
mikkymax.com,AVAILABILITY,domains.list,domains.list,2024-12-09 05:39:54.617739+00:00,97a00baa491d431352fd6600
minisrclink.cool,AVAILABILITY,domains.list,domains.list,2024-12-09 05:39:55.011123+00:00,97a00baa491d431352fd6600
mobiclean.xyz,AVAILABILITY,domains.list,domains.list,2024-12-09 05:39:55.469858+00:00,97a00baa491d431352fd6600
mobipromote.com,AVAILABILITY,domains.list,domains.list,2024-12-09 05:39:56.922951+00:00,97a00baa491d431352fd6600
morningstarlincoln.co.uk,AVAILABILITY,domains.list,domains.list,2024-12-09 05:39:57.477938+00:00,97a00baa491d431352fd6600
myfood.ltd,AVAILABILITY,domains.list,domains.list,2024-12-09 05:40:02.995043+00:00,97a00baa491d431352fd6600
mysearch.com,AVAILABILITY,domains.list,domains.list,2024-12-09 05:40:03.109174+00:00,97a00baa491d431352fd6600
new-incoming.email,AVAILABILITY,domains.list,domains.list,2024-12-09 05:40:03.968696+00:00,97a00baa491d431352fd6600
nextyourcontent.com,AVAILABILITY,domains.list,domains.list,2024-12-09 05:40:09.140330+00:00,97a00baa491d431352fd6600
o4uxrk33.com,AVAILABILITY,domains.list,domains.list,2024-12-09 05:40:09.526963+00:00,97a00baa491d431352fd6600
oc.uk,AVAILABILITY,domains.list,domains.list,2024-12-09 05:40:19.897736+00:00,97a00baa491d431352fd6600
ofgogoatan.com,AVAILABILITY,domains.list,domains.list,2024-12-09 05:40:20.264007+00:00,97a00baa491d431352fd6600
omnatuor.com,AVAILABILITY,domains.list,domains.list,2024-12-09 05:40:20.641621+00:00,97a00baa491d431352fd6600
onlinekey.biz,AVAILABILITY,domains.list,domains.list,2024-12-09 05:40:22.258704+00:00,97a00baa491d431352fd6600
onlinesly.com,AVAILABILITY,domains.list,domains.list,2024-12-09 05:40:22.538722+00:00,97a00baa491d431352fd6600
outube.com,AVAILABILITY,domains.list,domains.list,2024-12-09 05:40:22.727242+00:00,97a00baa491d431352fd6600
patithatspartal.pro,AVAILABILITY,domains.list,domains.list,2024-12-09 05:40:27.862277+00:00,97a00baa491d431352fd6600
pbterra.com,AVAILABILITY,domains.list,domains.list,2024-12-09 05:40:33.230420+00:00,97a00baa491d431352fd6600
pdn-1.com,AVAILABILITY,domains.list,domains.list,2024-12-09 05:40:33.431998+00:00,97a00baa491d431352fd6600
pingclock.net,AVAILABILITY,domains.list,domains.list,2024-12-09 05:40:43.676785+00:00,97a00baa491d431352fd6600
plankjock.com,AVAILABILITY,domains.list,domains.list,2024-12-09 05:40:44.558042+00:00,97a00baa491d431352fd6600
plusclick.biz,AVAILABILITY,domains.list,domains.list,2024-12-09 05:40:44.733355+00:00,97a00baa491d431352fd6600
predictivdisplay.com,AVAILABILITY,domains.list,domains.list,2024-12-09 05:40:44.886277+00:00,97a00baa491d431352fd6600
programdiag.com,AVAILABILITY,domains.list,domains.list,2024-12-09 05:40:45.317572+00:00,97a00baa491d431352fd6600
promclickapp.biz,AVAILABILITY,domains.list,domains.list,2024-12-09 05:40:47.663690+00:00,97a00baa491d431352fd6600
propu.sh,AVAILABILITY,domains.list,domains.list,2024-12-09 05:40:48.211970+00:00,97a00baa491d431352fd6600
protesidenext.com,AVAILABILITY,domains.list,domains.list,2024-12-09 05:40:48.775889+00:00,97a00baa491d431352fd6600
proudflex.org,AVAILABILITY,domains.list,domains.list,2024-12-09 05:40:49.236230+00:00,97a00baa491d431352fd6600
psc4fuel.com,AVAILABILITY,domains.list,domains.list,2024-12-09 05:40:49.349258+00:00,97a00baa491d431352fd6600
pwn.af,AVAILABILITY,domains.list,domains.list,2024-12-09 05:40:49.458791+00:00,97a00baa491d431352fd6600
qpdownload.com,AVAILABILITY,domains.list,domains.list,2024-12-09 05:40:54.931932+00:00,97a00baa491d431352fd6600
rasenalong.com,AVAILABILITY,domains.list,domains.list,2024-12-09 05:41:05.866923+00:00,97a00baa491d431352fd6600
rce.ee,AVAILABILITY,domains.list,domains.list,2024-12-09 05:41:06.471162+00:00,97a00baa491d431352fd6600
reauthenticator.com,AVAILABILITY,domains.list,domains.list,2024-12-09 05:41:08.444678+00:00,97a00baa491d431352fd6600
reimageplus.com,AVAILABILITY,domains.list,domains.list,2024-12-09 05:41:28.572101+00:00,97a00baa491d431352fd6600
relevantknowledge.com,AVAILABILITY,domains.list,domains.list,2024-12-09 05:41:28.875109+00:00,97a00baa491d431352fd6600
rusenov.com,AVAILABILITY,domains.list,domains.list,2024-12-09 05:41:38.999515+00:00,97a00baa491d431352fd6600
screensrc.com,AVAILABILITY,domains.list,domains.list,2024-12-09 05:41:39.389978+00:00,97a00baa491d431352fd6600
script-protection.com,AVAILABILITY,domains.list,domains.list,2024-12-09 05:41:49.514518+00:00,97a00baa491d431352fd6600
scrlink.cool,AVAILABILITY,domains.list,domains.list,2024-12-09 05:41:49.632936+00:00,97a00baa491d431352fd6600
searchtabnew.com,AVAILABILITY,domains.list,domains.list,2024-12-09 05:41:49.917038+00:00,97a00baa491d431352fd6600
securesearchnow.com,AVAILABILITY,domains.list,domains.list,2024-12-09 05:41:50.295125+00:00,97a00baa491d431352fd6600
securestudies.com,AVAILABILITY,domains.list,domains.list,2024-12-09 05:41:55.619240+00:00,97a00baa491d431352fd6600
serasearchtop.com,AVAILABILITY,domains.list,domains.list,2024-12-09 05:41:55.755076+00:00,97a00baa491d431352fd6600
slickfluide.com,AVAILABILITY,domains.list,domains.list,2024-12-09 05:41:56.188051+00:00,97a00baa491d431352fd6600
solvusoft.com,AVAILABILITY,domains.list,domains.list,2024-12-09 05:41:56.613643+00:00,97a00baa491d431352fd6600
srch.bar,AVAILABILITY,domains.list,domains.list,2024-12-09 05:41:57.024361+00:00,97a00baa491d431352fd6600
statcounter.biz,AVAILABILITY,domains.list,domains.list,2024-12-09 05:41:58.145598+00:00,97a00baa491d431352fd6600
survivecoronavirus.org,AVAILABILITY,domains.list,domains.list,2024-12-09 05:41:58.274605+00:00,97a00baa491d431352fd6600
sushi-idea.com,AVAILABILITY,domains.list,domains.list,2024-12-09 05:42:03.454058+00:00,97a00baa491d431352fd6600
theseoffersforyou.com,AVAILABILITY,domains.list,domains.list,2024-12-09 05:42:03.646448+00:00,97a00baa491d431352fd6600
totalav.com,AVAILABILITY,domains.list,domains.list,2024-12-09 05:42:09.043918+00:00,97a00baa491d431352fd6600
tribedone.org,AVAILABILITY,domains.list,domains.list,2024-12-09 05:42:09.247801+00:00,97a00baa491d431352fd6600
trkmyclk.xyz,AVAILABILITY,domains.list,domains.list,2024-12-09 05:42:11.267359+00:00,97a00baa491d431352fd6600
tweakbit.com,AVAILABILITY,domains.list,domains.list,2024-12-09 05:42:16.593411+00:00,97a00baa491d431352fd6600
u21drwj6mp.com,AVAILABILITY,domains.list,domains.list,2024-12-09 05:42:27.161990+00:00,97a00baa491d431352fd6600
uoej.net,AVAILABILITY,domains.list,domains.list,2024-12-09 05:42:27.649503+00:00,97a00baa491d431352fd6600
vid-adblocker.com,AVAILABILITY,domains.list,domains.list,2024-12-09 05:42:27.907313+00:00,97a00baa491d431352fd6600
video-adblock.com,AVAILABILITY,domains.list,domains.list,2024-12-09 05:42:33.226438+00:00,97a00baa491d431352fd6600
vipicmou.net,AVAILABILITY,domains.list,domains.list,2024-12-09 05:42:33.561435+00:00,97a00baa491d431352fd6600
vlc.de,AVAILABILITY,domains.list,domains.list,2024-12-09 05:42:41.001745+00:00,97a00baa491d431352fd6600
voxfind.com,AVAILABILITY,domains.list,domains.list,2024-12-09 05:42:41.521626+00:00,97a00baa491d431352fd6600
winworker.club,AVAILABILITY,domains.list,domains.list,2024-12-09 05:42:41.762469+00:00,97a00baa491d431352fd6600
wwwyoutube.com,AVAILABILITY,domains.list,domains.list,2024-12-09 05:42:47.643474+00:00,97a00baa491d431352fd6600
x41.me,AVAILABILITY,domains.list,domains.list,2024-12-09 05:42:48.447760+00:00,97a00baa491d431352fd6600
xmlformats.com,AVAILABILITY,domains.list,domains.list,2024-12-09 05:42:48.642979+00:00,97a00baa491d431352fd6600
ydpi.pw,AVAILABILITY,domains.list,domains.list,2024-12-09 05:42:48.783088+00:00,97a00baa491d431352fd6600
yyoutube.com,AVAILABILITY,domains.list,domains.list,2024-12-09 05:42:49.054282+00:00,97a00baa491d431352fd6600
www.linkedinc.om,AVAILABILITY,domains.list,domains.list,2024-12-09 05:42:49.820038+00:00,97a00baa491d431352fd6600
www.mikiloise.org,AVAILABILITY,domains.list,domains.list,2024-12-09 05:43:00.535841+00:00,97a00baa491d431352fd6600
www.luckypushh.com,AVAILABILITY,domains.list,domains.list,2024-12-09 05:43:00.954466+00:00,97a00baa491d431352fd6600
www.netcomfort.org,AVAILABILITY,domains.list,domains.list,2024-12-09 05:43:21.666954+00:00,97a00baa491d431352fd6600
www.ofgogoatan.com,AVAILABILITY,domains.list,domains.list,2024-12-09 05:43:27.083998+00:00,97a00baa491d431352fd6600
www.office365.om,AVAILABILITY,domains.list,domains.list,2024-12-09 05:43:44.246449+00:00,97a00baa491d431352fd6600
www.preparedsrc.org,AVAILABILITY,domains.list,domains.list,2024-12-09 05:43:44.719486+00:00,97a00baa491d431352fd6600
www.qnjdtefk.com,AVAILABILITY,domains.list,domains.list,2024-12-09 05:43:49.930175+00:00,97a00baa491d431352fd6600
www.realtor.om,AVAILABILITY,domains.list,domains.list,2024-12-09 05:43:57.418220+00:00,97a00baa491d431352fd6600
www.rediff.om,AVAILABILITY,domains.list,domains.list,2024-12-09 05:44:09.837277+00:00,97a00baa491d431352fd6600
www.rr.om,AVAILABILITY,domains.list,domains.list,2024-12-09 05:44:15.164498+00:00,97a00baa491d431352fd6600
www.rusenov.com,AVAILABILITY,domains.list,domains.list,2024-12-09 05:44:30.493564+00:00,97a00baa491d431352fd6600
www.samsung.om,AVAILABILITY,domains.list,domains.list,2024-12-09 05:44:36.185363+00:00,97a00baa491d431352fd6600
www.skype.om,AVAILABILITY,domains.list,domains.list,2024-12-09 05:44:46.940623+00:00,97a00baa491d431352fd6600
www.sendmepush.com,AVAILABILITY,domains.list,domains.list,2024-12-09 05:44:57.237739+00:00,97a00baa491d431352fd6600
www.sohu.om,AVAILABILITY,domains.list,domains.list,2024-12-09 05:44:58.080525+00:00,97a00baa491d431352fd6600
www.survivecoronavirus.org,AVAILABILITY,domains.list,domains.list,2024-12-09 05:44:58.690311+00:00,97a00baa491d431352fd6600
www.thatsocute.us,AVAILABILITY,domains.list,domains.list,2024-12-09 05:45:03.867276+00:00,97a00baa491d431352fd6600
www.vid-adblocker.com,AVAILABILITY,domains.list,domains.list,2024-12-09 05:45:14.143415+00:00,97a00baa491d431352fd6600
www.ulukaris.com,AVAILABILITY,domains.list,domains.list,2024-12-09 05:45:25.822880+00:00,97a00baa491d431352fd6600
www.video-adblock.com,AVAILABILITY,domains.list,domains.list,2024-12-09 05:45:26.048910+00:00,97a00baa491d431352fd6600
www.vipicmou.net,AVAILABILITY,domains.list,domains.list,2024-12-09 05:45:26.355124+00:00,97a00baa491d431352fd6600
www.wsj.om,AVAILABILITY,domains.list,domains.list,2024-12-09 05:45:28.201119+00:00,97a00baa491d431352fd6600
www.yahoo.om,AVAILABILITY,domains.list,domains.list,2024-12-09 05:45:33.443508+00:00,97a00baa491d431352fd6600
www.youku.om,AVAILABILITY,domains.list,domains.list,2024-12-09 05:45:43.777276+00:00,97a00baa491d431352fd6600
www.zillow.om,AVAILABILITY,domains.list,domains.list,2024-12-09 05:45:53.985364+00:00,97a00baa491d431352fd6600
www.baiduc.om,AVAILABILITY,domains.list,domains.list,2024-12-09 05:45:59.262502+00:00,97a00baa491d431352fd6600
www.script-protection.com,AVAILABILITY,domains.list,domains.list,2024-12-09 05:45:59.467902+00:00,97a00baa491d431352fd6600
www.bing.om,AVAILABILITY,domains.list,domains.list,2024-12-09 05:46:00.360333+00:00,97a00baa491d431352fd6600
www.paydelivery-fee.com,AVAILABILITY,domains.list,domains.list,2024-12-09 05:46:10.586418+00:00,97a00baa491d431352fd6600
www.xn--gmail-bgd.com,AVAILABILITY,domains.list,domains.list,2024-12-09 05:46:34.112205+00:00,97a00baa491d431352fd6600
crphone.mireene.com,AVAILABILITY,domains.list,domains.list,2024-12-09 05:46:45.479509+00:00,97a00baa491d431352fd6600
api.publicanalyser.com,AVAILABILITY,domains.list,domains.list,2024-12-09 05:46:45.702511+00:00,97a00baa491d431352fd6600
goodluckguy.space,AVAILABILITY,domains.list,domains.list,2024-12-09 05:46:51.302342+00:00,97a00baa491d431352fd6600
www.dartsearch.net,AVAILABILITY,domains.list,domains.list,2024-12-09 05:46:56.614971+00:00,97a00baa491d431352fd6600
www.erne.co,AVAILABILITY,domains.list,domains.list,2024-12-09 05:47:02.833927+00:00,97a00baa491d431352fd6600
www.findsearchresults.info,AVAILABILITY,domains.list,domains.list,2024-12-09 05:47:08.482805+00:00,97a00baa491d431352fd6600
www.instagramc.om,AVAILABILITY,domains.list,domains.list,2024-12-09 05:47:41.196066+00:00,97a00baa491d431352fd6600
eth22pos.com,AVAILABILITY,domains.list,domains.list,2024-12-09 05:47:46.566294+00:00,97a00baa491d431352fd6600
eth22pos.org,AVAILABILITY,domains.list,domains.list,2024-12-09 05:47:47.021912+00:00,97a00baa491d431352fd6600
ethmerge.gif,AVAILABILITY,domains.list,domains.list,2024-12-09 05:47:57.311739+00:00,97a00baa491d431352fd6600
tesla2022go.com,AVAILABILITY,domains.list,domains.list,2024-12-09 05:48:12.573166+00:00,97a00baa491d431352fd6600
xrp-airdrop.liv,AVAILABILITY,domains.list,domains.list,2024-12-09 05:48:22.810428+00:00,97a00baa491d431352fd6600
spaceup.pro,AVAILABILITY,domains.list,domains.list,2024-12-09 05:48:23.645767+00:00,97a00baa491d431352fd6600
bleadnr.org,AVAILABILITY,domains.list,domains.list,2024-12-09 05:48:29.115928+00:00,97a00baa491d431352fd6600
tslasemi.org,AVAILABILITY,domains.list,domains.list,2024-12-09 05:48:39.758788+00:00,97a00baa491d431352fd6600
strategy-qr.com,AVAILABILITY,domains.list,domains.list,2024-12-09 05:48:55.134131+00:00,97a00baa491d431352fd6600
