idna_subject,checker_type,destination,tested_at
www.youku.om,AVAILABILITY,domains.list,2025-06-05 02:28:33.597282+00:00
www.zillow.om,AVAILABILITY,domains.list,2025-06-05 02:28:36.088906+00:00
www.baiduc.om,AVAILABILITY,domains.list,2025-06-05 02:28:36.385250+00:00
www.script-protection.com,AVAILABILITY,domains.list,2025-06-05 02:28:36.640091+00:00
www.bing.om,AVAILABILITY,domains.list,2025-06-05 02:28:38.865283+00:00
www.paydelivery-fee.com,AVAILABILITY,domains.list,2025-06-05 02:28:39.084849+00:00
www.xn--gmail-bgd.com,AVAILABILITY,domains.list,2025-06-05 02:29:06.430863+00:00
crphone.mireene.com,AVAILABILITY,domains.list,2025-06-05 02:29:07.141419+00:00
api.publicanalyser.com,AVAILABILITY,domains.list,2025-06-05 02:29:07.390147+00:00
goodluckguy.space,AVAILABILITY,domains.list,2025-06-05 02:29:08.221544+00:00
www.dartsearch.net,AVAILABILITY,domains.list,2025-06-05 02:29:08.529018+00:00
www.erne.co,AVAILABILITY,domains.list,2025-06-05 02:29:09.391857+00:00
www.findsearchresults.info,AVAILABILITY,domains.list,2025-06-05 02:29:09.693656+00:00
www.instagramc.om,AVAILABILITY,domains.list,2025-06-05 02:29:32.793505+00:00
eth22pos.com,AVAILABILITY,domains.list,2025-06-05 02:29:33.120079+00:00
eth22pos.org,AVAILABILITY,domains.list,2025-06-05 02:29:33.948227+00:00
ethmerge.gif,AVAILABILITY,domains.list,2025-06-05 02:29:34.133352+00:00
tesla2022go.com,AVAILABILITY,domains.list,2025-06-05 02:29:34.399193+00:00
xrp-airdrop.liv,AVAILABILITY,domains.list,2025-06-05 02:29:34.630907+00:00
bleadnr.org,AVAILABILITY,domains.list,2025-06-05 02:29:34.981678+00:00
tslasemi.org,AVAILABILITY,domains.list,2025-06-05 02:29:35.328618+00:00
strategy-qr.com,AVAILABILITY,domains.list,2025-06-05 02:29:35.580485+00:00
x2tesl.net,AVAILABILITY,domains.list,2025-06-05 02:29:35.857754+00:00
cz-drop.net,AVAILABILITY,domains.list,2025-06-05 02:29:36.198372+00:00
arkdrop.eu,AVAILABILITY,domains.list,2025-06-05 02:29:36.946084+00:00
cryptogiveaway.host,AVAILABILITY,domains.list,2025-06-05 02:29:37.455442+00:00
czx2.org,AVAILABILITY,domains.list,2025-06-05 02:29:37.811467+00:00
tslagive2023.com,AVAILABILITY,domains.list,2025-06-05 02:29:38.151835+00:00
rippl2x.org,AVAILABILITY,domains.list,2025-06-05 02:29:38.502603+00:00
ark-fund.pro,AVAILABILITY,domains.list,2025-06-05 02:29:39.051106+00:00
teslaelon2022.org,AVAILABILITY,domains.list,2025-06-05 02:29:39.413451+00:00
ark-join.net,AVAILABILITY,domains.list,2025-06-05 02:29:39.750936+00:00
hotmailc.om,AVAILABILITY,domains.list,2025-06-05 02:29:39.932289+00:00
cooster.ru,AVAILABILITY,domains.list,2025-06-05 02:29:41.981139+00:00
hmrc-cov19.payment.estrodev.com,AVAILABILITY,domains.list,2025-06-05 02:29:42.248493+00:00
netcomfort.org,AVAILABILITY,domains.list,2025-06-05 02:29:42.606218+00:00
samsung.om,AVAILABILITY,domains.list,2025-06-05 02:29:42.787814+00:00
thatsocute.us,AVAILABILITY,domains.list,2025-06-05 02:29:43.615838+00:00
www.adp.om,AVAILABILITY,domains.list,2025-06-05 02:29:44.064922+00:00
www.baidu.om,AVAILABILITY,domains.list,2025-06-05 02:29:44.291599+00:00
www.bestadbid.com,AVAILABILITY,domains.list,2025-06-05 02:29:54.768587+00:00
www.bestbuyc.om,AVAILABILITY,domains.list,2025-06-05 02:29:56.492263+00:00
www.betgorebysson.club,AVAILABILITY,domains.list,2025-06-05 02:29:56.988293+00:00
www.boudja.com,AVAILABILITY,domains.list,2025-06-05 02:29:57.213984+00:00
www.cooster.ru,AVAILABILITY,domains.list,2025-06-05 02:29:57.938315+00:00
www.covid19-info.online,AVAILABILITY,domains.list,2025-06-05 02:29:58.150959+00:00
www.creditkarma.om,AVAILABILITY,domains.list,2025-06-05 02:30:00.337688+00:00
www.delta.om,AVAILABILITY,domains.list,2025-06-05 02:30:00.571264+00:00
www.deloplen.com,AVAILABILITY,domains.list,2025-06-05 02:30:00.830405+00:00
www.ebates.om,AVAILABILITY,domains.list,2025-06-05 02:30:02.539858+00:00
www.epicunitscan.info,AVAILABILITY,domains.list,2025-06-05 02:30:02.841632+00:00
www.gmail.om,AVAILABILITY,domains.list,2025-06-05 02:30:03.098684+00:00
www.gnc.om,AVAILABILITY,domains.list,2025-06-05 02:30:08.354366+00:00
www.gusimp.net,AVAILABILITY,domains.list,2025-06-05 02:30:08.625211+00:00
www.googlec.om,AVAILABILITY,domains.list,2025-06-05 02:30:08.910624+00:00
zief.pl,AVAILABILITY,domains.list,2025-06-05 02:30:12.946394+00:00
www.96.lt,AVAILABILITY,domains.list,2025-06-05 02:30:14.483686+00:00
www.imgfarm.com,AVAILABILITY,domains.list,2025-06-05 02:30:14.747724+00:00
www.linkedinc.om,AVAILABILITY,domains.list,2025-06-05 02:30:15.101505+00:00
www.luckypushh.com,AVAILABILITY,domains.list,2025-06-05 02:30:15.359209+00:00
www.netcomfort.org,AVAILABILITY,domains.list,2025-06-05 02:30:15.887707+00:00
www.ofgogoatan.com,AVAILABILITY,domains.list,2025-06-05 02:30:16.157011+00:00
www.office365.om,AVAILABILITY,domains.list,2025-06-05 02:30:16.387830+00:00
www.preparedsrc.org,AVAILABILITY,domains.list,2025-06-05 02:30:16.698202+00:00
www.qnjdtefk.com,AVAILABILITY,domains.list,2025-06-05 02:30:16.922670+00:00
www.realtor.om,AVAILABILITY,domains.list,2025-06-05 02:30:17.167243+00:00
www.rediff.om,AVAILABILITY,domains.list,2025-06-05 02:30:17.781175+00:00
www.rr.om,AVAILABILITY,domains.list,2025-06-05 02:30:18.550865+00:00
www.rusenov.com,AVAILABILITY,domains.list,2025-06-05 02:30:18.829671+00:00
www.samsung.om,AVAILABILITY,domains.list,2025-06-05 02:30:19.087565+00:00
www.skype.om,AVAILABILITY,domains.list,2025-06-05 02:30:22.397539+00:00
www.sendmepush.com,AVAILABILITY,domains.list,2025-06-05 02:30:22.650681+00:00
www.sohu.om,AVAILABILITY,domains.list,2025-06-05 02:30:24.363694+00:00
www.survivecoronavirus.org,AVAILABILITY,domains.list,2025-06-05 02:30:24.674666+00:00
www.thatsocute.us,AVAILABILITY,domains.list,2025-06-05 02:30:24.886335+00:00
www.vid-adblocker.com,AVAILABILITY,domains.list,2025-06-05 02:30:25.185170+00:00
www.video-adblock.com,AVAILABILITY,domains.list,2025-06-05 02:30:25.426215+00:00
www.wsj.om,AVAILABILITY,domains.list,2025-06-05 02:30:26.179492+00:00
www.yahoo.om,AVAILABILITY,domains.list,2025-06-05 02:30:27.890591+00:00
