subject,idna_subject,expiration_date,epoch,registrar
gmai.com,gmai.com,19-dec-2025,1766102400.0,
gmai.com,gmai.com,19-dec-2025,1766102400.0,
googe.com,googe.com,01-oct-2027,1822348800.0,
googe.com,googe.com,01-oct-2027,1822348800.0,
hanstrackr.com,hanstrackr.com,09-mar-2027,1804550400.0,
hanstrackr.com,hanstrackr.com,09-mar-2027,1804550400.0,
mwor.gq,mwor.gq,03-oct-2029,1885680000.0,
mwor.gq,mwor.gq,03-oct-2029,1885680000.0,
wcomhost.com,wcomhost.com,25-jan-2029,1863993600.0,
wcomhost.com,wcomhost.com,25-jan-2029,1863993600.0,
tiny.ie,tiny.ie,06-apr-2028,1838592000.0,
tiny.ie,tiny.ie,06-apr-2028,1838592000.0,
go2cloud.org,go2cloud.org,28-oct-2026,1793142000.0,
go2cloud.org,go2cloud.org,28-oct-2026,1793142000.0,
flash.cn,flash.cn,17-mar-2029,1868400000.0,厦门易名科技股份有限公司
totalav.com,totalav.com,29-nov-2026,1795910400.0,
spaceup.pro,spaceup.pro,31-dec-2025,1767139200.0,"NameCheap, Inc."
abrahackbugs.xyz,abrahackbugs.xyz,07-feb-2026,1770422400.0,Namecheap
adfuture.cn,adfuture.cn,12-sep-2029,1883865600.0,阿里云计算有限公司（万网）
advmob.cn,advmob.cn,05-nov-2025,1762300800.0,阿里云计算有限公司（万网）
bbc.co,bbc.co,23-feb-2026,1771804800.0,"CSC Corporate Domains, Inc."
betgorebysson.club,betgorebysson.club,24-jul-2026,1784851200.0,URL Solutions Inc.
byebyeads.org,byebyeads.org,06-jul-2026,1783296000.0,"Cloudflare, Inc."
cuminside.club,cuminside.club,10-jan-2026,1768003200.0,Dynadot Inc
dartsearch.net,dartsearch.net,08-sep-2026,1788825600.0,MarkMonitor Inc.
domclickext.xyz,domclickext.xyz,29-mar-2026,1774742400.0,Communigal Communications Ltd
easy-download.co,easy-download.co,15-jun-2026,1781481600.0,Gandi SAS
erne.co,erne.co,06-may-2026,1778025600.0,Key-Systems GmbH
fastclick.net,fastclick.net,18-mar-2026,1773792000.0,MarkMonitor Inc.
freecontent.date,freecontent.date,19-jan-2026,1768780800.0,"NameCheap, Inc."
freecontent.stream,freecontent.stream,19-jan-2026,1768780800.0,"NameCheap, Inc."
hostingcloud.racing,hostingcloud.racing,04-apr-2026,1775260800.0,"NameCheap, Inc."
hostingcloud.science,hostingcloud.science,14-aug-2026,1786665600.0,Dynadot Inc
lifeimpressions.net,lifeimpressions.net,05-dec-2025,1764892800.0,"GoDaddy.com, LLC"
loungesrc.net,loungesrc.net,05-jul-2026,1783209600.0,Internet Domain Service BS Corp
mobiclean.xyz,mobiclean.xyz,11-feb-2026,1770768000.0,TLD Registrar Solutions Ltd
oc.uk,oc.uk,25-jun-2026,1782345600.0,
onlinekey.biz,onlinekey.biz,19-mar-2026,1773878400.0,Dynadot Inc
plusclick.biz,plusclick.biz,01-aug-2026,1785542400.0,Dynadot Inc
promclickapp.biz,promclickapp.biz,23-oct-2025,1761177600.0,TLD Registrar Solutions Ltd.
propu.sh,propu.sh,26-mar-2026,1774483200.0,Gandi SAS
proudflex.org,proudflex.org,13-jul-2026,1783900800.0,Internet Domain Service BS Corp
rce.ee,rce.ee,13-mar-2026,1773360000.0,
winworker.club,winworker.club,07-may-2026,1778112000.0,Dynadot Inc
x41.me,x41.me,09-dec-2025,1765238400.0,"NameCheap, Inc."
dailyfeature.net,dailyfeature.net,03-sep-2026,1788393600.0,Internet Domain Service BS Corp
clicksapp.net,clicksapp.net,06-sep-2026,1788652800.0,Imminentdomains.net LLC
uoej.net,uoej.net,24-sep-2026,1790208000.0,"NICENIC INTERNATIONAL GROUP CO., LIMITED"
pingclock.net,pingclock.net,30-sep-2026,1790726400.0,Key-Systems GmbH
tribedone.org,tribedone.org,30-sep-2026,1790726400.0,"Sav.com, LLC"
loadsource.org,loadsource.org,02-oct-2026,1790899200.0,Registrar of Domain Names REG.RU LLC
statcounter.biz,statcounter.biz,22-aug-2026,1787356800.0,Key-Systems GmbH
morningstarlincoln.co.uk,morningstarlincoln.co.uk,11-oct-2027,1823212800.0,
appslinker.net,appslinker.net,19-oct-2026,1792368000.0,Gname.com Pte. Ltd.
srch.bar,srch.bar,21-oct-2026,1792540800.0,GoDaddy
